issue,sku,product_id,variant_id,product_handle,product_title,price,extra
empty_sku,,9257723625722,48995294118138,1080p-night-vision-trail-camera,"1080p HD Trail & Hunting Camera - 16MP, 0.6s Trigg",41.80,
empty_sku,,9257727230202,48995305488634,24oz-leak-proof-glass-hummingbird-feeder,24oz Leak Proof Glass Hummingbird Feeder,49.26,
empty_sku,,9257727230202,48995305521402,24oz-leak-proof-glass-hummingbird-feeder,24oz Leak Proof Glass Hummingbird Feeder,49.26,
empty_sku,,9257727623418,48995306832122,2pcs-shoes-washing-bag-for-laundry,2Pcs Shoes Washing Bag for Laundry,41.83,
empty_sku,,9257729097978,48995310797050,3-in-1-dog-hair-dryer-and-grooming-brush,"3-in-1 Dog Hair Dryer, Slicker Brush & Grooming To",44.62,
empty_sku,,9257734996218,48995327213818,4-in-1-cutting-board-with-thawing-tray-and-knife-sharpener,4-in-1 Cutting Board with Thawing Tray and Knife S,20.91,
empty_sku,,9257734996218,48995327246586,4-in-1-cutting-board-with-thawing-tray-and-knife-sharpener,4-in-1 Cutting Board with Thawing Tray and Knife S,27.88,
empty_sku,,9257736241402,48995331309818,450ml-smart-travel-mug-with-led-display,450ml Smart Travel Mug with LED Display,41.83,
empty_sku,,9257736339706,48995331735802,4d-cloud-technology-insole-super-soft,4D Cloud Technology Insole - Super Soft!,20.88,
empty_sku,,9257736339706,48995331768570,4d-cloud-technology-insole-super-soft,4D Cloud Technology Insole - Super Soft!,20.88,
empty_sku,,9257736339706,48995331801338,4d-cloud-technology-insole-super-soft,4D Cloud Technology Insole - Super Soft!,20.88,
empty_sku,,9257736339706,48995331834106,4d-cloud-technology-insole-super-soft,4D Cloud Technology Insole - Super Soft!,20.88,
empty_sku,,9257737781498,48995338289402,5-in-1-forklift-design-wireless-charger-with-alarm-clock-and-night-light,5-in-1 Forklift Design MagSafe Wireless Charger wi,46.01,
empty_sku,,9257739321594,48995340779770,600ml-leak-proof-protein-shaker-bottle-with-mixing-ball,600ml Leak-Proof Protein Shaker Bottle with Stainl,12.54,
empty_sku,,9257739321594,48995340812538,600ml-leak-proof-protein-shaker-bottle-with-mixing-ball,600ml Leak-Proof Protein Shaker Bottle with Stainl,12.54,
empty_sku,,9257742729466,48995348807930,adjustable-dog-boots,Adjustable Dog Boots,27.85,
empty_sku,,9257742729466,48995348840698,adjustable-dog-boots,Adjustable Dog Boots,27.85,
empty_sku,,9257742729466,48995348873466,adjustable-dog-boots,Adjustable Dog Boots,27.85,
empty_sku,,9257750331642,48995378397434,antislip-shower-mat,Antislip Shower Mat,41.77,
empty_sku,,9257750331642,48995378430202,antislip-shower-mat,Antislip Shower Mat,41.77,
empty_sku,,9257750331642,48995378462970,antislip-shower-mat,Antislip Shower Mat,41.77,
empty_sku,,9257750331642,48995378495738,antislip-shower-mat,Antislip Shower Mat,41.77,
empty_sku,,9257750331642,48995378528506,antislip-shower-mat,Antislip Shower Mat,41.77,
empty_sku,,9257750331642,48995378561274,antislip-shower-mat,Antislip Shower Mat,41.77,
empty_sku,,9257751216378,48995380953338,autogap-safety-fillers,Auto Gap Safety Fillers,55.76,
empty_sku,,9257751216378,48995380986106,autogap-safety-fillers,Auto Gap Safety Fillers,55.76,
empty_sku,,9257753182458,48995391340794,baby-blanket-1,Baby Blanket,19.39,
empty_sku,,9257753182458,48995391373562,baby-blanket-1,Baby Blanket,19.39,
empty_sku,,9257753182458,48995391406330,baby-blanket-1,Baby Blanket,19.39,
empty_sku,,9257753182458,48995391439098,baby-blanket-1,Baby Blanket,19.39,
empty_sku,,9257756655866,48995415654650,portable-air-conditioner-stand-up-room-cooler-indoor-ac-unit-windowless,Portable Air Conditioner Stand Up Room Cooler Indo,181.28,
empty_sku,,9257756721402,48995415752954,best-portable-air-cooler-stand-up-room-cooler-indoor-ac-unit-windowless,Portable Air Cooler Stand Up Room Cooler Indoor AC,221.77,
empty_sku,,9257762128122,48995445309690,car-dashboard-thermometer,Car Dashboard Thermometer,25.06,
empty_sku,,9257762390266,48995445899514,car-door-edge-scratch-protector-strip,Car Door Edge Scratch Protector Strip,16.74,
empty_sku,,9257762390266,48995445932282,car-door-edge-scratch-protector-strip,Car Door Edge Scratch Protector Strip,16.74,
empty_sku,,9257762390266,48995445965050,car-door-edge-scratch-protector-strip,Car Door Edge Scratch Protector Strip,16.74,
empty_sku,,9257762390266,48995445997818,car-door-edge-scratch-protector-strip,Car Door Edge Scratch Protector Strip,16.74,
empty_sku,,9257762390266,48995446030586,car-door-edge-scratch-protector-strip,Car Door Edge Scratch Protector Strip,16.74,
empty_sku,,9257762390266,48995446063354,car-door-edge-scratch-protector-strip,Car Door Edge Scratch Protector Strip,16.74,
empty_sku,,9257765142778,48995468706042,cat-carrier-pouch,Cat Carrier Pouch,27.85,
empty_sku,,9257765142778,48995468738810,cat-carrier-pouch,Cat Carrier Pouch,32.04,
empty_sku,,9257765142778,48995468771578,cat-carrier-pouch,Cat Carrier Pouch,34.83,
empty_sku,,9257765142778,48995468837114,cat-carrier-pouch,Cat Carrier Pouch,27.85,
empty_sku,,9257765142778,48995468869882,cat-carrier-pouch,Cat Carrier Pouch,32.04,
empty_sku,,9257765142778,48995468902650,cat-carrier-pouch,Cat Carrier Pouch,34.83,
empty_sku,,9257765142778,48995468968186,cat-carrier-pouch,Cat Carrier Pouch,27.85,
empty_sku,,9257765437690,48995470541050,cat-heating-pad-and-dog-warming-pad,Cat Heating Pad and Dog Warming Pad,27.85,
empty_sku,,9257765437690,48995470606586,cat-heating-pad-and-dog-warming-pad,Cat Heating Pad and Dog Warming Pad,27.85,
empty_sku,,9257765437690,48995470672122,cat-heating-pad-and-dog-warming-pad,Cat Heating Pad and Dog Warming Pad,27.85,
empty_sku,,9257765437690,48995470737658,cat-heating-pad-and-dog-warming-pad,Cat Heating Pad and Dog Warming Pad,27.85,
empty_sku,,9257768911098,48995487252730,classic-trench-coat,Classic trench coat,89.25,
empty_sku,,9257769828602,48995493675258,cloud-slippers-orthopedic-sandals,Cloud Slippers Orthopedic Sandals,27.88,
empty_sku,,9257769828602,48995493708026,cloud-slippers-orthopedic-sandals,Cloud Slippers Orthopedic Sandals,27.88,
empty_sku,,9257770156282,48995496362234,coffee-press-machine,Coffee Press Machine,48.77,
empty_sku,,9257770549498,48995497869562,combination-lock-for-doors-without-keys,Combination Lock For Doors Without Keys,20.91,
empty_sku,,9257770549498,48995497902330,combination-lock-for-doors-without-keys,Combination Lock For Doors Without Keys,20.91,
empty_sku,,9257770746106,48995502784762,comfortable-shoes-for-women,Comfortable Shoes For Women,37.66,
empty_sku,,9257770746106,48995502817530,comfortable-shoes-for-women,Comfortable Shoes For Women,37.66,
empty_sku,,9257770746106,48995502850298,comfortable-shoes-for-women,Comfortable Shoes For Women,37.66,
empty_sku,,9257770746106,48995502883066,comfortable-shoes-for-women,Comfortable Shoes For Women,37.66,
empty_sku,,9257770746106,48995502915834,comfortable-shoes-for-women,Comfortable Shoes For Women,37.66,
empty_sku,,9257770746106,48995502948602,comfortable-shoes-for-women,Comfortable Shoes For Women,37.66,
empty_sku,,9257770746106,48995502981370,comfortable-shoes-for-women,Comfortable Shoes For Women,37.66,
empty_sku,,9257770746106,48995503046906,comfortable-shoes-for-women,Comfortable Shoes For Women,37.66,
empty_sku,,9257770877178,48995505144058,comfortable-slippers-for-women,Comfortable Slippers For Women,44.63,
empty_sku,,9257770877178,48995505176826,comfortable-slippers-for-women,Comfortable Slippers For Women,44.63,
empty_sku,,9257770877178,48995505209594,comfortable-slippers-for-women,Comfortable Slippers For Women,44.63,
empty_sku,,9257770877178,48995505242362,comfortable-slippers-for-women,Comfortable Slippers For Women,44.63,
empty_sku,,9257770877178,48995505275130,comfortable-slippers-for-women,Comfortable Slippers For Women,44.63,
empty_sku,,9257770877178,48995505307898,comfortable-slippers-for-women,Comfortable Slippers For Women,44.63,
empty_sku,,9257770877178,48995505340666,comfortable-slippers-for-women,Comfortable Slippers For Women,44.63,
empty_sku,,9257770877178,48995505373434,comfortable-slippers-for-women,Comfortable Slippers For Women,44.63,
empty_sku,,9257770877178,48995505406202,comfortable-slippers-for-women,Comfortable Slippers For Women,44.63,
empty_sku,,9257771499770,48995511664890,compact-rechargeable-flashlight-led-torch,Compact Rechargeable Flashlight LED Torch,27.85,
empty_sku,,9257772908794,48995522674938,cordless-electric-broom,Cordless Electric Broom,76.70,
empty_sku,,9257774416122,48995532833018,cozy-ultra-comfort-slippers,Cozy Ultra-Comfort Slippers,34.87,
empty_sku,,9257774416122,48995532865786,cozy-ultra-comfort-slippers,Cozy Ultra-Comfort Slippers,34.87,
empty_sku,,9257774416122,48995532898554,cozy-ultra-comfort-slippers,Cozy Ultra-Comfort Slippers,34.87,
empty_sku,,9257774416122,48995532931322,cozy-ultra-comfort-slippers,Cozy Ultra-Comfort Slippers,34.87,
empty_sku,,9257774416122,48995532964090,cozy-ultra-comfort-slippers,Cozy Ultra-Comfort Slippers,34.87,
empty_sku,,9257774416122,48995533029626,cozy-ultra-comfort-slippers,Cozy Ultra-Comfort Slippers,34.87,
empty_sku,,9257774416122,48995533062394,cozy-ultra-comfort-slippers,Cozy Ultra-Comfort Slippers,34.87,
empty_sku,,9257774416122,48995533095162,cozy-ultra-comfort-slippers,Cozy Ultra-Comfort Slippers,34.87,
empty_sku,,9257774547194,48995534373114,creative-3d-puzzle-maze-educational-toy-for-kids,Creative 3D Puzzle Maze - Educational Toy for Kids,27.88,
empty_sku,,9257775464698,48995537748218,cuckoo-clock-with-decorative-design,Cuckoo Clock with Decorative Design,90.59,
empty_sku,,9257775464698,48995537780986,cuckoo-clock-with-decorative-design,Cuckoo Clock with Decorative Design,90.59,
empty_sku,,9257775464698,48995537813754,cuckoo-clock-with-decorative-design,Cuckoo Clock with Decorative Design,90.59,
empty_sku,,9257776709882,48995545022714,dental-jet-hydropoulseur,Dental Jet Hydropoulseur,83.55,
empty_sku,,9257777398010,48995546661114,digital-caliper,Digital Caliper,58.54,
empty_sku,,9257777398010,48995546693882,digital-caliper,Digital Caliper,72.49,
empty_sku,,9257777398010,48995546726650,digital-caliper,Digital Caliper,93.41,
empty_sku,,9257778872570,48995552395514,dog-cooling-vest-for-outdoor-activities,Dog Cooling Vest for Outdoor Activities,34.83,
empty_sku,,9257778872570,48995552428282,dog-cooling-vest-for-outdoor-activities,Dog Cooling Vest for Outdoor Activities,34.83,
empty_sku,,9257778872570,48995552493818,dog-cooling-vest-for-outdoor-activities,Dog Cooling Vest for Outdoor Activities,34.83,
empty_sku,,9257778872570,48995552526586,dog-cooling-vest-for-outdoor-activities,Dog Cooling Vest for Outdoor Activities,34.83,
empty_sku,,9257779691770,48995556753658,dog-treat-pouch,Dog Treat Pouch,22.27,
empty_sku,,9257782345978,48995567141114,easyfit-adjustable-drain-rack,Easy Adjustable Drain Rack,36.25,
empty_sku,,9257782968570,48995568812282,eco-friendly-pet-beds,Eco Friendly Pet Beds,23.67,
empty_sku,,9257782968570,48995568845050,eco-friendly-pet-beds,Eco Friendly Pet Beds,23.67,
empty_sku,,9257782968570,48995568877818,eco-friendly-pet-beds,Eco Friendly Pet Beds,23.67,
empty_sku,,9257782968570,48995568910586,eco-friendly-pet-beds,Eco Friendly Pet Beds,23.67,
empty_sku,,9257782968570,48995568976122,eco-friendly-pet-beds,Eco Friendly Pet Beds,23.67,
empty_sku,,9257782968570,48995569008890,eco-friendly-pet-beds,Eco Friendly Pet Beds,23.67,
empty_sku,,9257782968570,48995569041658,eco-friendly-pet-beds,Eco Friendly Pet Beds,23.67,
empty_sku,,9257782968570,48995569074426,eco-friendly-pet-beds,Eco Friendly Pet Beds,23.67,
empty_sku,,9257784410362,48995572744442,electric-facial-hair-shaver-1,Electric Facial Hair Shaver,14.63,
empty_sku,,9257784410362,48995572777210,electric-facial-hair-shaver-1,Electric Facial Hair Shaver,14.63,
empty_sku,,9257784410362,48995572809978,electric-facial-hair-shaver-1,Electric Facial Hair Shaver,14.63,
empty_sku,,9257785393402,48995575562490,electric-mosquito-zapper,Electric Mosquito Zapper,48.80,
empty_sku,,9257786376442,48995577463034,electric-water-gun,Electric Water Gun,54.35,
empty_sku,,9257786376442,48995577495802,electric-water-gun,Electric Water Gun,54.35,
empty_sku,,9257787490554,48995593322746,elegant-leather-boots-trendy-womens-boots-for-every-occasion,Elegant leather boots - trendy women's boots for e,97.62,
empty_sku,,9257787490554,48995593355514,elegant-leather-boots-trendy-womens-boots-for-every-occasion,Elegant leather boots - trendy women's boots for e,97.62,
empty_sku,,9257787490554,48995593388282,elegant-leather-boots-trendy-womens-boots-for-every-occasion,Elegant leather boots - trendy women's boots for e,97.62,
empty_sku,,9257787490554,48995593421050,elegant-leather-boots-trendy-womens-boots-for-every-occasion,Elegant leather boots - trendy women's boots for e,97.62,
empty_sku,,9257787490554,48995593453818,elegant-leather-boots-trendy-womens-boots-for-every-occasion,Elegant leather boots - trendy women's boots for e,97.62,
empty_sku,,9257787490554,48995593519354,elegant-leather-boots-trendy-womens-boots-for-every-occasion,Elegant leather boots - trendy women's boots for e,97.62,
empty_sku,,9257787490554,48995593552122,elegant-leather-boots-trendy-womens-boots-for-every-occasion,Elegant leather boots - trendy women's boots for e,97.62,
empty_sku,,9257787490554,48995593584890,elegant-leather-boots-trendy-womens-boots-for-every-occasion,Elegant leather boots - trendy women's boots for e,97.62,
empty_sku,,9257787687162,48995594961146,elegant-reading-glasses,Elegant Reading Glasses,41.83,
empty_sku,,9257787687162,48995594993914,elegant-reading-glasses,Elegant Reading Glasses,41.83,
empty_sku,,9257787687162,48995595026682,elegant-reading-glasses,Elegant Reading Glasses,41.83,
empty_sku,,9257787687162,48995595059450,elegant-reading-glasses,Elegant Reading Glasses,41.83,
empty_sku,,9257787687162,48995595092218,elegant-reading-glasses,Elegant Reading Glasses,41.83,
empty_sku,,9257787687162,48995595124986,elegant-reading-glasses,Elegant Reading Glasses,41.83,
empty_sku,,9257787687162,48995595157754,elegant-reading-glasses,Elegant Reading Glasses,41.83,
empty_sku,,9257787687162,48995595190522,elegant-reading-glasses,Elegant Reading Glasses,41.83,
empty_sku,,9257787687162,48995595223290,elegant-reading-glasses,Elegant Reading Glasses,41.83,
empty_sku,,9257787687162,48995595256058,elegant-reading-glasses,Elegant Reading Glasses,41.83,
empty_sku,,9257788211450,48995604988154,elegant-wireless-wall-sconces,Elegant Wireless Wall Sconces,125.51,
empty_sku,,9257788211450,48995605020922,elegant-wireless-wall-sconces,Elegant Wireless Wall Sconces,125.51,
empty_sku,,9257788211450,48995605053690,elegant-wireless-wall-sconces,Elegant Wireless Wall Sconces,125.51,
empty_sku,,9257789751546,48995612492026,essential-2-in-1-car-breaker-tool,Essential 2-in-1 Car Breaker Tool,9.05,
empty_sku,,9257789751546,48995612524794,essential-2-in-1-car-breaker-tool,Essential 2-in-1 Car Breaker Tool,9.05,
empty_sku,,9257789751546,48995612557562,essential-2-in-1-car-breaker-tool,Essential 2-in-1 Car Breaker Tool,9.05,
empty_sku,,9257789751546,48995612590330,essential-2-in-1-car-breaker-tool,Essential 2-in-1 Car Breaker Tool,9.05,
empty_sku,,9257790767354,48995618947322,eye-shadow-stick,Eye Shadow Stick,20.91,
empty_sku,,9257790767354,48995618980090,eye-shadow-stick,Eye Shadow Stick,20.91,
empty_sku,,9257790767354,48995619012858,eye-shadow-stick,Eye Shadow Stick,20.91,
empty_sku,,9257790767354,48995619045626,eye-shadow-stick,Eye Shadow Stick,20.91,
empty_sku,,9257790767354,48995619078394,eye-shadow-stick,Eye Shadow Stick,20.91,
empty_sku,,9257790963962,48995619963130,face-down-pillow-after-bbl-or-eye-surgery-stomach-sleeping-pillow,Face Down Pillow After Bbl Or Eye Surgery Stomach ,79.46,
empty_sku,,9257793028346,48995633561850,floor-protection-mats,Floor Protection Mats,57.12,
empty_sku,,9257793028346,48995633594618,floor-protection-mats,Floor Protection Mats,57.12,
empty_sku,,9257794666746,48995642409210,foldable-portable-washing-machine-with-spin-dryer-mini-clothes-washer,Foldable Portable Washing Machine with Spin Dryer ,48.80,
empty_sku,,9257795322106,48995644604666,folding-step-stool,Folding Step Stool,18.12,
empty_sku,,9257795322106,48995644637434,folding-step-stool,Folding Step Stool,18.12,
empty_sku,,9257795322106,48995644670202,folding-step-stool,Folding Step Stool,18.12,
empty_sku,,9257795322106,48995644702970,folding-step-stool,Folding Step Stool,18.12,
empty_sku,,9257795649786,48995646963962,freeze-protection-plant-covers,Freeze Protection Plant Covers,14.58,
empty_sku,,9257795649786,48995646996730,freeze-protection-plant-covers,Freeze Protection Plant Covers,14.58,
empty_sku,,9257795649786,48995647029498,freeze-protection-plant-covers,Freeze Protection Plant Covers,14.58,
empty_sku,,9257795649786,48995647062266,freeze-protection-plant-covers,Freeze Protection Plant Covers,14.58,
empty_sku,,9257795649786,48995647095034,freeze-protection-plant-covers,Freeze Protection Plant Covers,14.58,
empty_sku,,9257795649786,48995647127802,freeze-protection-plant-covers,Freeze Protection Plant Covers,14.58,
empty_sku,,9257796763898,48995651027194,garland-christmas-stocking-holders-for-mantle,Garland Christmas Stocking Holders for Mantle,20.91,
empty_sku,,9257796763898,48995651059962,garland-christmas-stocking-holders-for-mantle,Garland Christmas Stocking Holders for Mantle,20.91,
empty_sku,,9257796960506,48995651780858,gas-stove-knob-protector-set,Gas Stove Knob Protector Set,9.07,
empty_sku,,9257796960506,48995651813626,gas-stove-knob-protector-set,Gas Stove Knob Protector Set,9.07,
empty_sku,,9258095542522,48996678009082,french-press-coffee-maker-heat-resistant-glass-450ml,Heat Resistant French Press Coffee Maker,46.01,
empty_sku,,9258439540986,48998727319802,heavy-duty-adjustable-door-stopper,Heavy Duty Adjustable Door Stopper,27.76,
empty_sku,,9258439540986,48998727352570,heavy-duty-adjustable-door-stopper,Heavy Duty Adjustable Door Stopper,27.76,
empty_sku,,9258439540986,48998727385338,heavy-duty-adjustable-door-stopper,Heavy Duty Adjustable Door Stopper,27.76,
empty_sku,,9258439540986,48998727418106,heavy-duty-adjustable-door-stopper,Heavy Duty Adjustable Door Stopper,27.76,
empty_sku,,9258439540986,48998727450874,heavy-duty-adjustable-door-stopper,Heavy Duty Adjustable Door Stopper,27.76,
empty_sku,,9258439540986,48998727483642,heavy-duty-adjustable-door-stopper,Heavy Duty Adjustable Door Stopper,27.76,
empty_sku,,9258470015226,48998789906682,high-pressure-toilet-plunger,High-Pressure Toilet Plunger,41.80,
empty_sku,,9258470998266,48998797541626,high-quality-wooden-chopping-block-end-grain-cutting-board-for-kitchens-and-professional-chefs,High-quality Wooden Chopping Block End Grain Cutti,118.54,
empty_sku,,9258470998266,48998797574394,high-quality-wooden-chopping-block-end-grain-cutting-board-for-kitchens-and-professional-chefs,High-quality Wooden Chopping Block End Grain Cutti,118.54,
empty_sku,,9269977841914,49031117046010,al-fresco-google-pixel-10-pro-case,Al Fresco - Google Pixel 10 Pro Case,14.99,
empty_sku,,9269997928698,49031173964026,faux-fur-blanket-and-feature-pillow,Adult Faux Fur Blanket and 2 pillowcases Winter Pr,165.04,
empty_sku,,9269997961466,49031173898490,faux-fur-blanket-and-feature-pillow-winter-preorder-4,Adult Faux Fur Blanket and 2 pillowcases Winter Pr,165.04,
empty_sku,,9269997994234,49031173996794,faux-fur-blanket-and-feature-pillow-winter-preorder-3,Adult Faux Fur Blanket and 2 Pillowcases Winter Pr,165.04,
empty_sku,,9269998027002,49031173931258,faux-fur-blanket-and-feature-pillow-winter-preorder,Adult Faux Fur Blanket and 2 pillowcases Winter Pr,136.16,
empty_sku,,9269998059770,49031174029562,adult-faux-fur-blanket-and-feature-pillow-winter-preorder,Adult Faux Fur Black Blanket and 2 pillowcases Win,165.04,
empty_sku,,9269998616826,49031176257786,adult-faux-fur-blanket-and-feature-pillow-winter-preorder-5,Adult Faux Fur Blanket and 2 pillowcases Winter Pr,165.04,
empty_sku,,9269998649594,49031176192250,adult-faux-fur-black-blanket-and-feature-pillow-winter-preorder,Adult Faux Fur Purple Blanket and 2 Pillows cases ,165.04,
empty_sku,,9269998682362,49031176159482,adult-faux-fur-blanket-and-feature-pillow-winter-preorder-1,Adult Faux Fur Blanket and 2 pillowcases Winter Pr,165.04,
empty_sku,,9269998715130,49031176290554,blankets,Baby Blankets Instock,20.63,
empty_sku,,9269998715130,49031176323322,blankets,Baby Blankets Instock,20.63,
empty_sku,,9269998715130,49031176356090,blankets,Baby Blankets Instock,20.63,
empty_sku,,9269998715130,49031176388858,blankets,Baby Blankets Instock,20.63,
empty_sku,,9269998715130,49031176421626,blankets,Baby Blankets Instock,20.63,
empty_sku,,9269998715130,49031176454394,blankets,Baby Blankets Instock,20.63,
empty_sku,,9269998715130,49031176487162,blankets,Baby Blankets Instock,20.63,
empty_sku,,9269998715130,49031176519930,blankets,Baby Blankets Instock,20.63,
empty_sku,,9269998747898,49031176225018,adult-faux-fur-blanket-and-feature-pillow-winter-preorder-6,Adult Faux Fur Blanket and 2 Pillowcases Winter Pr,165.04,
empty_sku,,9269999206650,49031177634042,baby-sleeping-sack,Baby Sleeping Sack Grow Suit,70.14,
empty_sku,,9269999239418,49031177699578,baby-sleeping-sack-grow-suit-1,Baby Sleeping Sack Grow Suit,70.14,
empty_sku,,9269999272186,49031177666810,bag-set,Bag Set,247.55,
empty_sku,,9269999304954,49031177732346,baby-sleeping-sack-grow-suit-copy,Baby Sleeping Sack Grow Suit,70.14,
empty_sku,,9269999370490,49031177765114,baby-sleeping-sack-grow-suit,Baby Sleeping Sack Grow Suit,70.14,
empty_sku,,9269999698170,49031178486010,bag-set-1,Bag Set delivered Less Than 10 sets left,226.92,
empty_sku,,9269999730938,49031178551546,bamboo-muslin-swaddle-wrap,Bamboo Muslin Swaddle Wrap,31.36,
empty_sku,,9269999763706,49031178453242,bamboo-muslin-swaddle-wrap-1,Bamboo Muslin Swaddle Wrap,31.36,
empty_sku,,9269999796474,49031178715386,bamboo-baby-bodysuit,Bamboo Baby Bodysuit,20.63,
empty_sku,,9269999796474,49031178748154,bamboo-baby-bodysuit,Bamboo Baby Bodysuit,20.63,
empty_sku,,9269999796474,49031178780922,bamboo-baby-bodysuit,Bamboo Baby Bodysuit,20.63,
empty_sku,,9269999796474,49031178813690,bamboo-baby-bodysuit,Bamboo Baby Bodysuit,20.63,
empty_sku,,9269999796474,49031178846458,bamboo-baby-bodysuit,Bamboo Baby Bodysuit,20.63,
empty_sku,,9269999796474,49031178879226,bamboo-baby-bodysuit,Bamboo Baby Bodysuit,20.63,
empty_sku,,9269999796474,49031178911994,bamboo-baby-bodysuit,Bamboo Baby Bodysuit,20.63,
empty_sku,,9269999796474,49031178944762,bamboo-baby-bodysuit,Bamboo Baby Bodysuit,20.63,
empty_sku,,9269999796474,49031178977530,bamboo-baby-bodysuit,Bamboo Baby Bodysuit,20.63,
empty_sku,,9269999796474,49031179010298,bamboo-baby-bodysuit,Bamboo Baby Bodysuit,20.63,
empty_sku,,9269999829242,49031181205754,bamboo-baby-bodysuit-copy,Bamboo Baby Onesies,28.88,
empty_sku,,9269999829242,49031181238522,bamboo-baby-bodysuit-copy,Bamboo Baby Onesies,28.88,
empty_sku,,9269999829242,49031181271290,bamboo-baby-bodysuit-copy,Bamboo Baby Onesies,28.88,
empty_sku,,9269999829242,49031181304058,bamboo-baby-bodysuit-copy,Bamboo Baby Onesies,28.88,
empty_sku,,9269999829242,49031181336826,bamboo-baby-bodysuit-copy,Bamboo Baby Onesies,28.88,
empty_sku,,9269999829242,49031181369594,bamboo-baby-bodysuit-copy,Bamboo Baby Onesies,28.88,
empty_sku,,9269999829242,49031181402362,bamboo-baby-bodysuit-copy,Bamboo Baby Onesies,28.88,
empty_sku,,9269999829242,49031181435130,bamboo-baby-bodysuit-copy,Bamboo Baby Onesies,28.88,
empty_sku,,9269999829242,49031181467898,bamboo-baby-bodysuit-copy,Bamboo Baby Onesies,28.88,
empty_sku,,9269999829242,49031181500666,bamboo-baby-bodysuit-copy,Bamboo Baby Onesies,28.88,
empty_sku,,9270000353530,49031184777466,bamboo-muslin-swaddle-wrap-5,Bamboo Muslin Swaddle Wrap,31.36,
empty_sku,,9270000386298,49031185006842,bamboo-muslin-swaddle-wrap-2,Bamboo Muslin Swaddle Wrap,31.36,
empty_sku,,9270000419066,49031184875770,bamboo-muslin-swaddle-wrap-3,Bamboo Muslin Swaddle Wrap,31.36,
empty_sku,,9270000451834,49031185039610,bamboo-muslin-swaddle-wrap-4,Bamboo Muslin Swaddle Wrap,31.36,
empty_sku,,9270000484602,49031185072378,bamboo-muslin-swaddle-wrap-copy,Bamboo Muslin Swaddle Wrap,31.36,
empty_sku,,9270000976122,49031185924346,bamboo-muslin-swaddle-wrap-8,Bamboo Muslin Swaddle Wrap,31.36,
empty_sku,,9270001008890,49031186022650,bamboo-muslin-swaddle-wrap-7,Bamboo Muslin Swaddle Wrap,31.36,
empty_sku,,9270001041658,49031185957114,bamboo-muslin-swaddle-wrap-copy-2,Bamboo Muslin Swaddle Wrap,31.36,
empty_sku,,9270001074426,49031185989882,bamboo-muslin-swaddle-wrap-copy-1,Bamboo Muslin Swaddle Wrap,31.36,
empty_sku,,9270001107194,49031186055418,bamboo-muslin-swaddle-wrap-6,Bamboo Muslin Swaddle Wrap,31.36,
empty_sku,,9270001598714,49031187300602,bamboo-muslin-swaddle-wrap-11,Bamboo Muslin Swaddle Wrap,31.36,
empty_sku,,9270001631482,49031187235066,bamboo-muslin-swaddle-wrap-9,Bamboo Muslin Swaddle Wrap,31.36,
empty_sku,,9270001664250,49031187169530,bamboo-smooth-swaddle-wrap-100cm-x-120cm-copy-1,Bamboo Smooth Swaddle Wrap 100cm x 120cm,28.88,
empty_sku,,9270001697018,49031187136762,bamboo-muslin-swaddle-wrap-10,Bamboo Muslin Swaddle Wrap,31.36,
empty_sku,,9270001729786,49031187202298,bamboo-smooth-swaddle-wrap-100cm-x-120cm-copy,Bamboo Smooth Swaddle Wrap 100cm x 120cm,28.88,
empty_sku,,9270002221306,49031188054266,bamboo-smooth-swaddle-wrap-100cm-x-120cm-1,Bamboo Smooth Swaddle Wrap 100cm x 120cm,28.88,
empty_sku,,9270002254074,49031187988730,bamboo-smooth-swaddle-wrap-100cm-x-120cm-5,Bamboo Smooth Swaddle Wrap 100cm x 120cm,28.88,
empty_sku,,9270002516218,49031188742394,bamboo-smooth-swaddle-wrap-100cm-x-120cm-8,Bamboo Smooth Swaddle Wrap 100cm x 120cm,28.88,
empty_sku,,9270002548986,49031188807930,bamboo-smooth-swaddle-wrap-100cm-x-120cm-7,Bamboo Smooth Swaddle Wrap 100cm x 120cm,28.88,
empty_sku,,9270002581754,49031188709626,bamboo-smooth-swaddle-wrap-100cm-x-120cm-9,Bamboo Smooth Swaddle Wrap 100cm x 120cm,28.88,
empty_sku,,9270002614522,49031188840698,bamboo-smooth-swaddle-wrap-100cm-x-120cm-10,Bamboo Smooth Swaddle Wrap 100cm x 120cm,28.88,
empty_sku,,9270002647290,49031188775162,bamboo-smooth-swaddle-wrap-100cm-x-120cm-6,Bamboo Smooth Swaddle Wrap 100cm x 120cm,28.88,
empty_sku,,9270002811130,49031189397754,boys-sale-set,Boys Sale Set,81.69,
empty_sku,,9270002811130,49031189430522,boys-sale-set,Boys Sale Set,81.69,
empty_sku,,9270002843898,49031189496058,bamboo-smooth-swaddle-wrap-100cm-x-120cm-12,Bamboo Smooth Swaddle Wrap 100cm x 120cm,28.88,
empty_sku,,9270002876666,49031189692666,bamboo-smooth-swaddle-wrap-100cm-x-120cm-11,Bamboo Smooth Swaddle Wrap 100cm x 120cm,28.88,
empty_sku,,9270002909434,49031189659898,beige-bag-set,Beige Bag Set,165.04,
empty_sku,,9270002942202,49031189725434,black-and-white-faux-fur,Black and White Faux Fur Blanket and 2 Pillow Case,165.04,
empty_sku,,9270003433722,49031190479098,kids-blanket-pillowcase-the-background-blanket-and-pillows-are-not-included-2,Kids faux fur Blanket & Pillowcase (the background,103.14,
empty_sku,,9270003466490,49031190413562,capsule-rain-cover-beige,Capsule Rain Cover (Beige),37.54,
empty_sku,,9270003499258,49031190511866,kids-blanket-pillowcase-the-background-blanket-and-pillows-are-not-included,Kids faux fur Blanket & Pillowcase (the background,103.14,
empty_sku,,9270003532026,49031190446330,capsule-rain-cover-pink,Capsule Rain Cover (Pink),41.26,
empty_sku,,9270003958010,49031191331066,kids-blanket-pillowcase-the-background-blanket-and-pillows-are-not-included-5,Kids faux fur Blanket & Pillowcase (the background,103.14,
empty_sku,,9270004121850,49031192346874,kids-faux-fur-blanket-pillowcase-the-background-blanket-and-pillows-are-not-included-2,Kids faux fur Blanket & Pillowcase (the background,103.14,
empty_sku,,9270004154618,49031192183034,kids-microfibre-hooded-poncho-towel,Kids Microfibre Hooded Poncho Towel,31.36,
empty_sku,,9270004154618,49031192215802,kids-microfibre-hooded-poncho-towel,Kids Microfibre Hooded Poncho Towel,31.36,
empty_sku,,9270004187386,49031192248570,kids-microfibre-hooded-poncho-towel-copy,Kids Microfibre Hooded Poncho Towel,31.36,
empty_sku,,9270004187386,49031192281338,kids-microfibre-hooded-poncho-towel-copy,Kids Microfibre Hooded Poncho Towel,31.36,
empty_sku,,9270004220154,49031192314106,kids-faux-fur-blanket-pillowcase-the-background-blanket-and-pillows-are-not-included-3,Kids faux fur Blanket & Pillowcase (the background,103.14,
empty_sku,,9270004252922,49031192379642,kids-microfibre-hooded-poncho-towel-copy-1,Kids Microfibre Hooded Poncho Towel,31.36,
empty_sku,,9270004252922,49031192412410,kids-microfibre-hooded-poncho-towel-copy-1,Kids Microfibre Hooded Poncho Towel,31.36,
empty_sku,,9270004941050,49031193985274,kids-microfibre-hooded-poncho-towel-copy-2,Kids Microfibre Hooded Poncho Towel,31.36,
empty_sku,,9270004941050,49031194018042,kids-microfibre-hooded-poncho-towel-copy-2,Kids Microfibre Hooded Poncho Towel,31.36,
empty_sku,,9270004973818,49031194181882,kids-microfibre-hooded-poncho-towel-3,Kids Microfibre Hooded Poncho Towel,31.36,
empty_sku,,9270004973818,49031194214650,kids-microfibre-hooded-poncho-towel-3,Kids Microfibre Hooded Poncho Towel,31.36,
empty_sku,,9270005006586,49031194280186,kids-microfibre-hooded-poncho-towel-2,Kids Microfibre Hooded Poncho Towel,31.36,
empty_sku,,9270005006586,49031194312954,kids-microfibre-hooded-poncho-towel-2,Kids Microfibre Hooded Poncho Towel,31.36,
empty_sku,,9270005039354,49031194050810,kids-microfibre-hooded-poncho-towel-1,Kids Microfibre Hooded Poncho Towel,31.36,
empty_sku,,9270005039354,49031194083578,kids-microfibre-hooded-poncho-towel-1,Kids Microfibre Hooded Poncho Towel,31.36,
empty_sku,,9270005072122,49031194116346,kids-microfibre-hooded-poncho-towel-copy-3,Kids Microfibre Hooded Poncho Towel,31.36,
empty_sku,,9270005072122,49031194149114,kids-microfibre-hooded-poncho-towel-copy-3,Kids Microfibre Hooded Poncho Towel,31.36,
empty_sku,,9270005825786,49031195853050,kids-microfibre-hooded-poncho-towel-7,Kids Microfibre Hooded Poncho Towel,31.36,
empty_sku,,9270005825786,49031195885818,kids-microfibre-hooded-poncho-towel-7,Kids Microfibre Hooded Poncho Towel,31.36,
empty_sku,,9270005858554,49031196082426,kids-microfibre-hooded-poncho-towel-4,Kids Microfibre Hooded Poncho Towel,31.36,
empty_sku,,9270005858554,49031196115194,kids-microfibre-hooded-poncho-towel-4,Kids Microfibre Hooded Poncho Towel,31.36,
empty_sku,,9270005891322,49031196016890,kids-microfibre-hooded-poncho-towel-6,Kids Microfibre Hooded Poncho Towel,31.36,
empty_sku,,9270005891322,49031196049658,kids-microfibre-hooded-poncho-towel-6,Kids Microfibre Hooded Poncho Towel,31.36,
empty_sku,,9270005924090,49031195951354,kids-microfibre-hooded-poncho-towel-5,Kids Microfibre Hooded Poncho Towel,31.36,
empty_sku,,9270005924090,49031195984122,kids-microfibre-hooded-poncho-towel-5,Kids Microfibre Hooded Poncho Towel,31.36,
empty_sku,,9270005989626,49031196147962,kids-microfibre-hooded-poncho-towel-copy-4,Kids Microfibre Hooded Poncho Towel,31.36,
empty_sku,,9270005989626,49031196180730,kids-microfibre-hooded-poncho-towel-copy-4,Kids Microfibre Hooded Poncho Towel,31.36,
empty_sku,,9270006710522,49031197688058,koru-design-bag-set,Midnight Koru Design Bag Set,165.04,
empty_sku,,9270006743290,49031197753594,kids-microfibre-hooded-poncho-towel-8,Kids Microfibre Hooded Poncho Towel,31.36,
empty_sku,,9270006743290,49031197786362,kids-microfibre-hooded-poncho-towel-8,Kids Microfibre Hooded Poncho Towel,31.36,
empty_sku,,9270006776058,49031197720826,koru-design-bag-set-1,Kura Sand Design Bag Set Less Than 2 sets left,247.55,
empty_sku,,9270006808826,49031198146810,matariki-blankets-preorder-july,Matariki Blankets Preorder Arrives IN July Sometim,28.88,
empty_sku,,9270006808826,49031198179578,matariki-blankets-preorder-july,Matariki Blankets Preorder Arrives IN July Sometim,28.88,
empty_sku,,9270006808826,49031198212346,matariki-blankets-preorder-july,Matariki Blankets Preorder Arrives IN July Sometim,28.88,
empty_sku,,9270006808826,49031198245114,matariki-blankets-preorder-july,Matariki Blankets Preorder Arrives IN July Sometim,28.88,
empty_sku,,9270006808826,49031198277882,matariki-blankets-preorder-july,Matariki Blankets Preorder Arrives IN July Sometim,28.88,
empty_sku,,9270006808826,49031198310650,matariki-blankets-preorder-july,Matariki Blankets Preorder Arrives IN July Sometim,28.88,
empty_sku,,9270006808826,49031198343418,matariki-blankets-preorder-july,Matariki Blankets Preorder Arrives IN July Sometim,28.88,
empty_sku,,9270006808826,49031198376186,matariki-blankets-preorder-july,Matariki Blankets Preorder Arrives IN July Sometim,28.88,
empty_sku,,9270006808826,49031198408954,matariki-blankets-preorder-july,Matariki Blankets Preorder Arrives IN July Sometim,28.88,
empty_sku,,9270006808826,49031198441722,matariki-blankets-preorder-july,Matariki Blankets Preorder Arrives IN July Sometim,28.88,
empty_sku,,9270006841594,49031197819130,matariki-blankets,Matariki Blankets Preorder 4 July,20.63,
empty_sku,,9270006841594,49031197851898,matariki-blankets,Matariki Blankets Preorder 4 July,20.63,
empty_sku,,9270006841594,49031197884666,matariki-blankets,Matariki Blankets Preorder 4 July,20.63,
empty_sku,,9270006841594,49031197917434,matariki-blankets,Matariki Blankets Preorder 4 July,20.63,
empty_sku,,9270006841594,49031197950202,matariki-blankets,Matariki Blankets Preorder 4 July,20.63,
empty_sku,,9270006841594,49031197982970,matariki-blankets,Matariki Blankets Preorder 4 July,20.63,
empty_sku,,9270006841594,49031198015738,matariki-blankets,Matariki Blankets Preorder 4 July,20.63,
empty_sku,,9270006841594,49031198048506,matariki-blankets,Matariki Blankets Preorder 4 July,20.63,
empty_sku,,9270006841594,49031198081274,matariki-blankets,Matariki Blankets Preorder 4 July,20.63,
empty_sku,,9270006841594,49031198114042,matariki-blankets,Matariki Blankets Preorder 4 July,20.63,
empty_sku,,9270007660794,49031199949050,pink-design-bag-set-preorder-1,Pink Design Bag Set,247.55,
empty_sku,,9270007693562,49031200080122,velvet-set-6pcs-bedding-set-arriving-june-they-are-completed-just-waiting-for-sea-shipping,Velvet Quilt 220x240cm,103.14,
empty_sku,,9270007693562,49031200112890,velvet-set-6pcs-bedding-set-arriving-june-they-are-completed-just-waiting-for-sea-shipping,Velvet Quilt 220x240cm,103.14,
empty_sku,,9270007726330,49031199981818,pram-set,Pram set,618.89,
empty_sku,,9270007726330,49031200014586,pram-set,Pram set,618.89,
empty_sku,,9270007759098,49031200211194,sale-set-blanket-hooded-towel-bamboo-onesie,"Sale Set Blanket, Hooded Towel, Bamboo Onesie",103.14,
empty_sku,,9270007759098,49031200243962,sale-set-blanket-hooded-towel-bamboo-onesie,"Sale Set Blanket, Hooded Towel, Bamboo Onesie",103.14,
empty_sku,,9270007759098,49031200276730,sale-set-blanket-hooded-towel-bamboo-onesie,"Sale Set Blanket, Hooded Towel, Bamboo Onesie",103.14,
empty_sku,,9270007759098,49031200309498,sale-set-blanket-hooded-towel-bamboo-onesie,"Sale Set Blanket, Hooded Towel, Bamboo Onesie",103.14,
empty_sku,,9270007759098,49031200342266,sale-set-blanket-hooded-towel-bamboo-onesie,"Sale Set Blanket, Hooded Towel, Bamboo Onesie",103.14,
empty_sku,,9270007759098,49031200375034,sale-set-blanket-hooded-towel-bamboo-onesie,"Sale Set Blanket, Hooded Towel, Bamboo Onesie",103.14,
empty_sku,,9270007759098,49031200407802,sale-set-blanket-hooded-towel-bamboo-onesie,"Sale Set Blanket, Hooded Towel, Bamboo Onesie",103.14,
empty_sku,,9270007759098,49031200440570,sale-set-blanket-hooded-towel-bamboo-onesie,"Sale Set Blanket, Hooded Towel, Bamboo Onesie",103.14,
empty_sku,,9270007759098,49031200473338,sale-set-blanket-hooded-towel-bamboo-onesie,"Sale Set Blanket, Hooded Towel, Bamboo Onesie",103.14,
empty_sku,,9270007759098,49031200506106,sale-set-blanket-hooded-towel-bamboo-onesie,"Sale Set Blanket, Hooded Towel, Bamboo Onesie",103.14,
empty_sku,,9270008414458,49031201915130,velvet-quilt-220x240cm,Velvet Quilt 220x240cm,103.14,
empty_sku,,9270008414458,49031201947898,velvet-quilt-220x240cm,Velvet Quilt 220x240cm,103.14,
empty_sku,,9270023979258,49031236321530,bamboo-smooth-swaddle-wrap-100cm-x-120cm-4,Bamboo Smooth Swaddle Wrap 100cm x 120cm,28.88,
empty_sku,,9270024012026,49031236387066,kids-blanket-pillowcase-the-background-blanket-and-pillows-are-not-included-3,Kids faux fur Blanket & Pillowcase (the background,103.14,
empty_sku,,9270024044794,49031236354298,bamboo-smooth-swaddle-wrap-100cm-x-120cm-3,Bamboo Smooth Swaddle Wrap 100cm x 120cm,28.88,
empty_sku,,9270024077562,49031236485370,bamboo-smooth-swaddle-wrap-100cm-x-120cm-2,Bamboo Smooth Swaddle Wrap 100cm x 120cm,28.88,
empty_sku,,9270024110330,49031236288762,kids-blanket-pillowcase-the-background-blanket-and-pillows-are-not-included-1,Kids faux fur Blanket & Pillowcase (the background,103.14,
empty_sku,,9270024929530,49031238156538,kids-faux-fur-blanket-pillowcase-the-background-blanket-and-pillows-are-not-included,Kids faux fur Blanket & Pillowcase (the background,103.14,
empty_sku,,9270024962298,49031238123770,kids-blanket-pillowcase-the-background-blanket-and-pillows-are-not-included-4,Kids faux fur Blanket & Pillowcase (the background,103.14,
empty_sku,,9270024995066,49031238091002,kids-faux-fur-blanket-pillowcase-the-background-blanket-and-pillows-are-not-included-1,Kids faux fur Blanket & Pillowcase (the background,103.14,
empty_sku,,9270025027834,49031238189306,pod,Pod & Pillow,206.30,
empty_sku,,9270025027834,49031238222074,pod,Pod & Pillow,206.30,
empty_sku,,9270025027834,49031238254842,pod,Pod & Pillow,206.30,
empty_sku,,9270025027834,49031238287610,pod,Pod & Pillow,206.30,
dup_within_product,ergonomic-wrist-brace-1,9257792667898,,flexible-thumb-support-wrist-sprain-splint,,,
dup_within_product,ergonomic-wrist-brace-2,9257792667898,,flexible-thumb-support-wrist-sprain-splint,,,
dup_within_product,FTC6753,9257794863354,,foldable-travel-clothes-hanger,,,
dup_within_product,FTC6753,9257794863354,,foldable-travel-clothes-hanger,,,
dup_within_product,FTC6753,9257794863354,,foldable-travel-clothes-hanger,,,
dup_within_product,M382QFF,9269870264570,,waffle-effect-canada-jersey-maillot-canada-en-jersey-gaufre-1,,,
dup_within_product,M382QFF,9269870264570,,waffle-effect-canada-jersey-maillot-canada-en-jersey-gaufre-1,,,
dup_within_product,M382QFF,9269870264570,,waffle-effect-canada-jersey-maillot-canada-en-jersey-gaufre-1,,,
dup_within_product,W338QFF,9269870297338,,canada-collar-soccer-jersey-maillot-de-soccer-avec-col-canada,,,
dup_within_product,W338QFF,9269870297338,,canada-collar-soccer-jersey-maillot-de-soccer-avec-col-canada,,,
dup_within_product,W338QFF,9269870297338,,canada-collar-soccer-jersey-maillot-de-soccer-avec-col-canada,,,
dup_within_product,M944QFF,9269870362874,,waffle-effect-canada-jersey-maillot-canada-en-jersey-gaufre,,,
dup_within_product,M944QFF,9269870362874,,waffle-effect-canada-jersey-maillot-canada-en-jersey-gaufre,,,
dup_within_product,M944QFF,9269870362874,,waffle-effect-canada-jersey-maillot-canada-en-jersey-gaufre,,,
dup_within_product,M950QFF,9269870985466,,canada-men-soccer-jersey-maillot-de-soccer-canada-homme,,,
dup_within_product,M950QFF,9269870985466,,canada-men-soccer-jersey-maillot-de-soccer-canada-homme,,,
dup_within_product,M945QFF,9269871018234,,canada-soccer-jersey-maillot-de-soccer-canada,,,
dup_within_product,M945QFF,9269871018234,,canada-soccer-jersey-maillot-de-soccer-canada,,,
dup_within_product,M945QFF,9269871018234,,canada-soccer-jersey-maillot-de-soccer-canada,,,
dup_within_product,2944QFF,9269871608058,,waffle-effect-boy-canada-jersey-maillot-canada-en-jersey-gaufre-enfant,,,
dup_within_product,2944QFF,9269871608058,,waffle-effect-boy-canada-jersey-maillot-canada-en-jersey-gaufre-enfant,,,
dup_within_product,2944QFF,9269871608058,,waffle-effect-boy-canada-jersey-maillot-canada-en-jersey-gaufre-enfant,,,
dup_within_product,2418QFF,9269871640826,,boys-canada-track-jacket-veste-dentrainement-pour-garcon,,,
dup_within_product,2418QFF,9269871640826,,boys-canada-track-jacket-veste-dentrainement-pour-garcon,,,
dup_within_product,2418QFF,9269871640826,,boys-canada-track-jacket-veste-dentrainement-pour-garcon,,,
dup_within_product,M292QFF,9269871673594,,waffle-effect-canada-jersey-maillot-canada-en-jersey-gaufre-copy,,,
dup_within_product,M292QFF,9269871673594,,waffle-effect-canada-jersey-maillot-canada-en-jersey-gaufre-copy,,,
dup_within_product,M292QFF,9269871673594,,waffle-effect-canada-jersey-maillot-canada-en-jersey-gaufre-copy,,,
dup_within_product,2358QFF,9269871739130,,waffle-effect-boy-canada-jersey-maillot-canada-en-jersey-gaufre-enfant-2,,,
dup_within_product,2358QFF,9269871739130,,waffle-effect-boy-canada-jersey-maillot-canada-en-jersey-gaufre-enfant-2,,,
dup_within_product,2358QFF,9269871739130,,waffle-effect-boy-canada-jersey-maillot-canada-en-jersey-gaufre-enfant-2,,,
dup_within_product,2945QFF,9269872230650,,canada-boy-soccer-jersey-maillot-de-soccer-canada-enfant-1,,,
dup_within_product,2945QFF,9269872230650,,canada-boy-soccer-jersey-maillot-de-soccer-canada-enfant-1,,,
dup_within_product,2945QFF,9269872230650,,canada-boy-soccer-jersey-maillot-de-soccer-canada-enfant-1,,,
dup_within_product,W304QFF,9269872263418,,canada-ringer-tee-canada-t-shirt-graphique-bords-contraste,,,
dup_within_product,W304QFF,9269872263418,,canada-ringer-tee-canada-t-shirt-graphique-bords-contraste,,,
dup_within_product,W304QFF,9269872263418,,canada-ringer-tee-canada-t-shirt-graphique-bords-contraste,,,
dup_within_product,W305QFF,9269872328954,,canada-crop-tee-canada-t-shirt-court,,,
dup_within_product,W305QFF,9269872328954,,canada-crop-tee-canada-t-shirt-court,,,
dup_within_product,W305QFF,9269872328954,,canada-crop-tee-canada-t-shirt-court,,,
dup_within_product,2351QFF,9269872361722,,boys-canada-track-jacket-veste-dentrainement-pour-garcon-1,,,
dup_within_product,2351QFF,9269872361722,,boys-canada-track-jacket-veste-dentrainement-pour-garcon-1,,,
dup_within_product,2351QFF,9269872361722,,boys-canada-track-jacket-veste-dentrainement-pour-garcon-1,,,
dup_within_product,W343QFF,9269873017082,,canada-crop-tee-canada-t-shirt-court-1,,,
dup_within_product,W343QFF,9269873017082,,canada-crop-tee-canada-t-shirt-court-1,,,
dup_within_product,W343QFF,9269873017082,,canada-crop-tee-canada-t-shirt-court-1,,,
dup_within_product,M949QFF,9269873082618,,oversized-canada-tee-t-shirt-ample-canada-1,,,
dup_within_product,M949QFF,9269873082618,,oversized-canada-tee-t-shirt-ample-canada-1,,,
dup_within_product,M949QFF,9269873082618,,oversized-canada-tee-t-shirt-ample-canada-1,,,
dup_within_product,W336QFF,9269873115386,,canada-ladies-soccer-jersey-maillot-de-soccer-canada-femme-1,,,
dup_within_product,W336QFF,9269873115386,,canada-ladies-soccer-jersey-maillot-de-soccer-canada-femme-1,,,
dup_within_product,W336QFF,9269873115386,,canada-ladies-soccer-jersey-maillot-de-soccer-canada-femme-1,,,
dup_within_product,M384QFF,9269873606906,,portugal-soccer-jersey-maillot-de-soccer-portugal,,,
dup_within_product,M384QFF,9269873606906,,portugal-soccer-jersey-maillot-de-soccer-portugal,,,
dup_within_product,M384QFF,9269873606906,,portugal-soccer-jersey-maillot-de-soccer-portugal,,,
dup_within_product,M383QFF,9269873672442,,waffle-effect-portugal-jersey-maillot-portugal-en-jersey-gaufre,,,
dup_within_product,M383QFF,9269873672442,,waffle-effect-portugal-jersey-maillot-portugal-en-jersey-gaufre,,,
dup_within_product,M383QFF,9269873672442,,waffle-effect-portugal-jersey-maillot-portugal-en-jersey-gaufre,,,
dup_within_product,M947QFF,9269873705210,,oversized-canada-tee-t-shirt-ample-canada,,,
dup_within_product,M947QFF,9269873705210,,oversized-canada-tee-t-shirt-ample-canada,,,
dup_within_product,M947QFF,9269873705210,,oversized-canada-tee-t-shirt-ample-canada,,,
dup_within_product,M946QFF,9269873737978,,oversized-fifa-tee-t-shirt-ample-fifa,,,
dup_within_product,M946QFF,9269873737978,,oversized-fifa-tee-t-shirt-ample-fifa,,,
dup_within_product,M946QFF,9269873737978,,oversized-fifa-tee-t-shirt-ample-fifa,,,
dup_within_product,M946QFF,9269873737978,,oversized-fifa-tee-t-shirt-ample-fifa,,,
dup_within_product,M946QFF,9269873737978,,oversized-fifa-tee-t-shirt-ample-fifa,,,
dup_within_product,M946QFF,9269873737978,,oversized-fifa-tee-t-shirt-ample-fifa,,,
dup_within_product,M946QFF,9269873737978,,oversized-fifa-tee-t-shirt-ample-fifa,,,
dup_within_product,M378QFF,9269874295034,,portugal-men-soccer-jersey-maillot-de-soccer-portugal-homme-copy,,,
dup_within_product,M378QFF,9269874295034,,portugal-men-soccer-jersey-maillot-de-soccer-portugal-homme-copy,,,
dup_within_product,2950QFF,9269874327802,,canada-boy-soccer-jersey-maillot-de-soccer-canada-enfant,,,
dup_within_product,2950QFF,9269874327802,,canada-boy-soccer-jersey-maillot-de-soccer-canada-enfant,,,
dup_within_product,2950QFF,9269874327802,,canada-boy-soccer-jersey-maillot-de-soccer-canada-enfant,,,
dup_within_product,W345QFF,9269874852090,,portugal-crop-tee-portugal-t-shirt-court,,,
dup_within_product,W345QFF,9269874852090,,portugal-crop-tee-portugal-t-shirt-court,,,
dup_within_product,W345QFF,9269874852090,,portugal-crop-tee-portugal-t-shirt-court,,,
dup_within_product,2403QFF,9269874917626,,boys-portugal-track-jacket-veste-dentrainement-pour-garcon-portugal,,,
dup_within_product,2403QFF,9269874917626,,boys-portugal-track-jacket-veste-dentrainement-pour-garcon-portugal,,,
dup_within_product,2403QFF,9269874917626,,boys-portugal-track-jacket-veste-dentrainement-pour-garcon-portugal,,,
dup_within_product,W342QFF,9269874950394,,portugal-ringer-tee-portugal-t-shirt-graphique-bords-contraste,,,
dup_within_product,W342QFF,9269874950394,,portugal-ringer-tee-portugal-t-shirt-graphique-bords-contraste,,,
dup_within_product,W342QFF,9269874950394,,portugal-ringer-tee-portugal-t-shirt-graphique-bords-contraste,,,
dup_within_product,2356QFF,9269875048698,,portugal-boy-soccer-jersey-maillot-de-soccer-portugal-enfant,,,
dup_within_product,2356QFF,9269875048698,,portugal-boy-soccer-jersey-maillot-de-soccer-portugal-enfant,,,
dup_within_product,2356QFF,9269875048698,,portugal-boy-soccer-jersey-maillot-de-soccer-portugal-enfant,,,
dup_within_product,W303QFF,9269875409146,,argentina-collar-soccer-jersey-chandail-a-col-argentine,,,
dup_within_product,W303QFF,9269875409146,,argentina-collar-soccer-jersey-chandail-a-col-argentine,,,
dup_within_product,W303QFF,9269875409146,,argentina-collar-soccer-jersey-chandail-a-col-argentine,,,
dup_within_product,M293QFF,9269875474682,,argentina-soccer-jersey-maillot-de-soccer-argentine,,,
dup_within_product,M293QFF,9269875474682,,argentina-soccer-jersey-maillot-de-soccer-argentine,,,
dup_within_product,M293QFF,9269875474682,,argentina-soccer-jersey-maillot-de-soccer-argentine,,,
dup_within_product,M381QFF,9269875507450,,waffle-effect-argentina-jersey-maillot-argentine-en-jersey-gaufre,,,
dup_within_product,M381QFF,9269875507450,,waffle-effect-argentina-jersey-maillot-argentine-en-jersey-gaufre,,,
dup_within_product,M381QFF,9269875507450,,waffle-effect-argentina-jersey-maillot-argentine-en-jersey-gaufre,,,
dup_within_product,M290QFF,9269875540218,,argentina-men-soccer-jersey-maillot-de-soccer-argentine-homme-copy,,,
dup_within_product,M290QFF,9269875540218,,argentina-men-soccer-jersey-maillot-de-soccer-argentine-homme-copy,,,
dup_within_product,2290QFF,9269875998970,,argentina-boy-soccer-jersey-maillot-de-soccer-argentine-enfant,,,
dup_within_product,2290QFF,9269875998970,,argentina-boy-soccer-jersey-maillot-de-soccer-argentine-enfant,,,
dup_within_product,2290QFF,9269875998970,,argentina-boy-soccer-jersey-maillot-de-soccer-argentine-enfant,,,
dup_within_product,W335QFF,9269876031738,,argentina-ladies-soccer-jersey-maillot-de-soccer-argentine-femme,,,
dup_within_product,W335QFF,9269876031738,,argentina-ladies-soccer-jersey-maillot-de-soccer-argentine-femme,,,
dup_within_product,W335QFF,9269876031738,,argentina-ladies-soccer-jersey-maillot-de-soccer-argentine-femme,,,
dup_within_product,2360QFF,9269876064506,,waffle-effect-boy-argentina-jersey-maillot-argentine-en-jersey-gaufre-enfant,,,
dup_within_product,2360QFF,9269876064506,,waffle-effect-boy-argentina-jersey-maillot-argentine-en-jersey-gaufre-enfant,,,
dup_within_product,2360QFF,9269876064506,,waffle-effect-boy-argentina-jersey-maillot-argentine-en-jersey-gaufre-enfant,,,
dup_within_product,W340QFF,9269876490490,,argentina-ringer-tee-argentine-t-shirt-graphique-bords-contraste,,,
dup_within_product,W340QFF,9269876490490,,argentina-ringer-tee-argentine-t-shirt-graphique-bords-contraste,,,
dup_within_product,W340QFF,9269876490490,,argentina-ringer-tee-argentine-t-shirt-graphique-bords-contraste,,,
dup_within_product,W339QFF,9269876556026,,brasil-collar-soccer-jersey-chandail-a-col-bresil,,,
dup_within_product,W339QFF,9269876556026,,brasil-collar-soccer-jersey-chandail-a-col-bresil,,,
dup_within_product,W339QFF,9269876556026,,brasil-collar-soccer-jersey-chandail-a-col-bresil,,,
dup_within_product,W337QFF,9269876588794,,brasil-ladies-soccer-jersey-maillot-de-soccer-bresil-femme,,,
dup_within_product,W337QFF,9269876588794,,brasil-ladies-soccer-jersey-maillot-de-soccer-bresil-femme,,,
dup_within_product,W337QFF,9269876588794,,brasil-ladies-soccer-jersey-maillot-de-soccer-bresil-femme,,,
dup_within_product,M294QFF,9269877080314,,brasil-soccer-jersey-maillot-de-soccer-bresil,,,
dup_within_product,M294QFF,9269877080314,,brasil-soccer-jersey-maillot-de-soccer-bresil,,,
dup_within_product,M294QFF,9269877080314,,brasil-soccer-jersey-maillot-de-soccer-bresil,,,
dup_within_product,2404QFF,9269877113082,,boys-brasil-track-jacket-veste-dentrainement-pour-garcon-bresil,,,
dup_within_product,2404QFF,9269877113082,,boys-brasil-track-jacket-veste-dentrainement-pour-garcon-bresil,,,
dup_within_product,2404QFF,9269877113082,,boys-brasil-track-jacket-veste-dentrainement-pour-garcon-bresil,,,
dup_within_product,M291QFF,9269877178618,,brasil-men-soccer-jersey-maillot-de-soccer-bresil-homme,,,
dup_within_product,M291QFF,9269877178618,,brasil-men-soccer-jersey-maillot-de-soccer-bresil-homme,,,
dup_within_product,2291QFF,9269877211386,,brasil-boy-soccer-jersey-maillot-de-soccer-bresil-enfant,,,
dup_within_product,2291QFF,9269877211386,,brasil-boy-soccer-jersey-maillot-de-soccer-bresil-enfant,,,
dup_within_product,2291QFF,9269877211386,,brasil-boy-soccer-jersey-maillot-de-soccer-bresil-enfant,,,
dup_within_product,W344QFF,9269877539066,,brazil-crop-tee-bresil-t-shirt-court,,,
dup_within_product,W344QFF,9269877539066,,brazil-crop-tee-bresil-t-shirt-court,,,
dup_within_product,W344QFF,9269877539066,,brazil-crop-tee-bresil-t-shirt-court,,,
dup_within_product,M380QFF,9269877571834,,waffle-effect-italy-jersey-maillot-italie-en-jersey-gaufre,,,
dup_within_product,M380QFF,9269877571834,,waffle-effect-italy-jersey-maillot-italie-en-jersey-gaufre,,,
dup_within_product,M380QFF,9269877571834,,waffle-effect-italy-jersey-maillot-italie-en-jersey-gaufre,,,
dup_within_product,2406QFF,9269878325498,,waffle-effect-boy-italy-jersey-maillot-italie-en-jersey-gaufre-enfant,,,
dup_within_product,2406QFF,9269878325498,,waffle-effect-boy-italy-jersey-maillot-italie-en-jersey-gaufre-enfant,,,
dup_within_product,2406QFF,9269878325498,,waffle-effect-boy-italy-jersey-maillot-italie-en-jersey-gaufre-enfant,,,
dup_within_product,2410QFF,9269878784250,,waffle-effect-boy-mexico-jersey-maillot-mexique-en-jersey-gaufre-enfant,,,
dup_within_product,2410QFF,9269878784250,,waffle-effect-boy-mexico-jersey-maillot-mexique-en-jersey-gaufre-enfant,,,
dup_within_product,2410QFF,9269878784250,,waffle-effect-boy-mexico-jersey-maillot-mexique-en-jersey-gaufre-enfant,,,
dup_within_product,2409QFF,9269878817018,,waffle-effect-boy-england-jersey-maillot-angleterre-en-jersey-gaufre-enfant,,,
dup_within_product,2409QFF,9269878817018,,waffle-effect-boy-england-jersey-maillot-angleterre-en-jersey-gaufre-enfant,,,
dup_within_product,2409QFF,9269878817018,,waffle-effect-boy-england-jersey-maillot-angleterre-en-jersey-gaufre-enfant,,,
dup_within_product,2359QFF,9269878849786,,waffle-effect-boy-france-jersey-maillot-france-en-jersey-gaufre-enfant,,,
dup_within_product,2359QFF,9269878849786,,waffle-effect-boy-france-jersey-maillot-france-en-jersey-gaufre-enfant,,,
dup_within_product,2359QFF,9269878849786,,waffle-effect-boy-france-jersey-maillot-france-en-jersey-gaufre-enfant,,,
special_chars,ST_10_RedmiNote11Pro+_TH,,49030723141882,5am-club-xiaomi-redmi-note-11-pro-plus-case,5AM Club - Xiaomi Redmi Note 11 Pro+ Case,,
special_chars,ST_10_RedmiNote12Pro+_TH,,49030723240186,5am-club-xiaomi-redmi-note-12-pro-plus-5g-case,5AM Club - Xiaomi Redmi Note 12 Pro+ 5G Case,,
special_chars,ST_10_RedmiNote13Pro+_TH,,49030723764474,5am-club-xiaomi-redmi-note-13-pro-plus-5g-case,5AM Club - Xiaomi Redmi Note 13 Pro+ 5G Case,,
special_chars,ST_10_RedmiNote14Pro+_TH,,49030723666170,5am-club-xiaomi-redmi-note-14-pro-plus-5g-case,5AM Club - Xiaomi Redmi Note 14 Pro+ 5G Case,,
special_chars,AS_06_RedmiNote11Pro+_TH,,49030762365178,abyss-xiaomi-redmi-note-11-pro-plus-case,Abyss - Xiaomi Redmi Note 11 Pro+ Case,,
special_chars,AS_06_RedmiNote12Pro+_TH,,49030762430714,abyss-xiaomi-redmi-note-12-pro-plus-5g-case,Abyss - Xiaomi Redmi Note 12 Pro+ 5G Case,,
special_chars,AS_06_RedmiNote13Pro+_TH,,49030762922234,abyss-xiaomi-redmi-note-13-pro-plus-5g-case,Abyss - Xiaomi Redmi Note 13 Pro+ 5G Case,,
special_chars,AS_06_RedmiNote14Pro+_TH,,49030763544826,abyss-xiaomi-redmi-note-14-pro-plus-5g-case,Abyss - Xiaomi Redmi Note 14 Pro+ 5G Case,,
special_chars,OH_13_RedmiNote11Pro+_TH,,49030802407674,academy-xiaomi-redmi-note-11-pro-plus-case,Academy - Xiaomi Redmi Note 11 Pro+ Case,,
special_chars,OH_13_RedmiNote13Pro+_TH,,49030802833658,academy-xiaomi-redmi-note-13-pro-plus-5g-case,Academy - Xiaomi Redmi Note 13 Pro+ 5G Case,,
special_chars,OH_13_RedmiNote12Pro+_TH,,49030802899194,academy-xiaomi-redmi-note-12-pro-plus-5g-case,Academy - Xiaomi Redmi Note 12 Pro+ 5G Case,,
special_chars,OH_13_RedmiNote14Pro+_TH,,49030803718394,academy-xiaomi-redmi-note-14-pro-plus-5g-case,Academy - Xiaomi Redmi Note 14 Pro+ 5G Case,,
special_chars,UN_03_RedmiNote11Pro+_TH,,49030838714618,achromatic-xiaomi-redmi-note-11-pro-plus-case,Achromatic - Xiaomi Redmi Note 11 Pro+ Case,,
special_chars,UN_03_RedmiNote12Pro+_TH,,49030838747386,achromatic-xiaomi-redmi-note-12-pro-plus-5g-case,Achromatic - Xiaomi Redmi Note 12 Pro+ 5G Case,,
special_chars,UN_03_RedmiNote13Pro+_TH,,49030839730426,achromatic-xiaomi-redmi-note-13-pro-plus-5g-case,Achromatic - Xiaomi Redmi Note 13 Pro+ 5G Case,,
special_chars,UN_03_RedmiNote14Pro+_TH,,49030842286330,achromatic-xiaomi-redmi-note-14-pro-plus-5g-case,Achromatic - Xiaomi Redmi Note 14 Pro+ 5G Case,,
special_chars,GK_11_RedmiNote11Pro+_TH,,49030900056314,aegean-affair-xiaomi-redmi-note-11-pro-plus-case,Aegean Affair - Xiaomi Redmi Note 11 Pro+ Case,,
special_chars,GK_11_RedmiNote12Pro+_TH,,49030902350074,aegean-affair-xiaomi-redmi-note-12-pro-plus-5g-case,Aegean Affair - Xiaomi Redmi Note 12 Pro+ 5G Case,,
special_chars,GK_11_RedmiNote13Pro+_TH,,49030902481146,aegean-affair-xiaomi-redmi-note-13-pro-plus-5g-case,Aegean Affair - Xiaomi Redmi Note 13 Pro+ 5G Case,,
special_chars,GK_11_RedmiNote14Pro+_TH,,49030904185082,aegean-affair-xiaomi-redmi-note-14-pro-plus-5g-case,Aegean Affair - Xiaomi Redmi Note 14 Pro+ 5G Case,,
special_chars,PA_05_RedmiNote11Pro+_TH,,49030947995898,after-hours-xiaomi-redmi-note-11-pro-plus-case,After Hours - Xiaomi Redmi Note 11 Pro+ Case,,
special_chars,PA_05_RedmiNote12Pro+_TH,,49030948126970,after-hours-xiaomi-redmi-note-12-pro-plus-5g-case,After Hours - Xiaomi Redmi Note 12 Pro+ 5G Case,,
special_chars,PA_05_RedmiNote14Pro+_TH,,49030948651258,after-hours-xiaomi-redmi-note-14-pro-plus-5g-case,After Hours - Xiaomi Redmi Note 14 Pro+ 5G Case,,
special_chars,PA_05_RedmiNote13Pro+_TH,,49030948618490,after-hours-xiaomi-redmi-note-13-pro-plus-5g-case,After Hours - Xiaomi Redmi Note 13 Pro+ 5G Case,,
special_chars,DN_08_RedmiNote11Pro+_TH,,49030978732282,afternoon-nap-xiaomi-redmi-note-11-pro-plus-case,Afternoon Nap - Xiaomi Redmi Note 11 Pro+ Case,,
special_chars,DN_08_RedmiNote12Pro+_TH,,49030978765050,afternoon-nap-xiaomi-redmi-note-12-pro-plus-5g-case,Afternoon Nap - Xiaomi Redmi Note 12 Pro+ 5G Case,,
special_chars,DN_08_RedmiNote13Pro+_TH,,49030979256570,afternoon-nap-xiaomi-redmi-note-13-pro-plus-5g-case,Afternoon Nap - Xiaomi Redmi Note 13 Pro+ 5G Case,,
special_chars,DN_08_RedmiNote14Pro+_TH,,49030979846394,afternoon-nap-xiaomi-redmi-note-14-pro-plus-5g-case,Afternoon Nap - Xiaomi Redmi Note 14 Pro+ 5G Case,,
special_chars,BA_04_RedmiNote11Pro+_TH,,49031012188410,afternoon-treat-xiaomi-redmi-note-11-pro-plus-case,Afternoon Treat - Cherry Xiaomi Redmi Note 11 Pro+,,
special_chars,BA_04_RedmiNote12Pro+_TH,,49031012679930,afternoon-treat-xiaomi-redmi-note-12-pro-plus-5g-case,Afternoon Treat - Cherry Xiaomi Redmi Note 12 Pro+,,
special_chars,BA_04_RedmiNote13Pro+_TH,,49031012745466,afternoon-treat-xiaomi-redmi-note-13-pro-plus-5g-case,Afternoon Treat - Cherry Xiaomi Redmi Note 13 Pro+,,
special_chars,BA_04_RedmiNote14Pro+_TH,,49031013204218,afternoon-treat-xiaomi-redmi-note-14-pro-plus-5g-case,Afternoon Treat - Cherry Xiaomi Redmi Note 14 Pro+,,
special_chars,Lux 1028B,,49031038796026,lux-1029b,1028B Lux-Ergo Office Chair,,
special_chars,Lux 1029,,49031038763258,lux-1029,1029 Lux-Ergo Office Chair,,
special_chars,Air-C GEL,,49031044661498,air-c-care,Air C Care+,,
special_chars,AIR-C PRO,,49031046168826,air-c-pro-full-leg-massager,Air C Pro Full Leg Massager,,
special_chars,Air-C GEL,,49031046136058,air-c-univision,Air C Univision,,
special_chars,Premium 3D-BK,,49031047774458,amamedic-3d-premium,AmaMedic 3D Premium Massage Chair,,
special_chars,Premium 3D-BR,,49031047807226,amamedic-3d-premium,AmaMedic 3D Premium Massage Chair,,
special_chars,Premium 3D-TP,,49031047839994,amamedic-3d-premium,AmaMedic 3D Premium Massage Chair,,
special_chars,Revive 4D-BK,,49031047872762,amamedic-ai-revive-4d,AmaMedic Ai Revive 4D Massage Chair,,
special_chars,Revive 4D-BR,,49031047905530,amamedic-ai-revive-4d,AmaMedic Ai Revive 4D Massage Chair,,
special_chars,Revive 4D-BE,,49031047938298,amamedic-ai-revive-4d,AmaMedic Ai Revive 4D Massage Chair,,
special_chars,AM-61 Shiatsu Massage Cushion-GR,,49031048691962,amamedic-am-61-shiatsu-massage-cushion,Amamedic AM-61 Shiatsu Massage Cushion,,
special_chars,AM-34 Shiatsu Foot Massager-BL,,49031048823034,amamedic-am-34-shiatsu-foot-massager,AmaMedic AM-34 Shiatsu Foot Massager,,
special_chars,Gun V-DBl,,49031049511162,amamedic-otamic-massage-wave-gun-v,AmaMedic Otamic Massage Wave Gun V,,
special_chars,R7 LE -BK,,49031049642234,amamedic-r7-le,AmaMedic R7 LE Massage Chair,,
special_chars,R7 LE -TP,,49031049675002,amamedic-r7-le,AmaMedic R7 LE Massage Chair,,
special_chars,Hilux 4D-BK,,49031049543930,amamedic-hilux-4d-massage-chair,AmaMedic Hilux 4D Massage Chair,,
special_chars,Hilux 4D-BR,,49031049576698,amamedic-hilux-4d-massage-chair,AmaMedic Hilux 4D Massage Chair,,
special_chars,Hilux 4D-TP,,49031049609466,amamedic-hilux-4d-massage-chair,AmaMedic Hilux 4D Massage Chair,,
special_chars,AM-34 & AA01,,49031050723578,am-34-and-aa01-bundle,AmaMedic Shiatsu Foot Massager & Osaki Hand Massag,,
special_chars,AS_09_RedmiNote12Pro+_TH,,49031051837690,aftershock-xiaomi-redmi-note-12-pro-plus-5g-case,Aftershock - Xiaomi Redmi Note 12 Pro+ 5G Case,,
special_chars,AS_09_RedmiNote11Pro+_TH,,49031051903226,aftershock-xiaomi-redmi-note-11-pro-plus-case,Aftershock - Xiaomi Redmi Note 11 Pro+ Case,,
special_chars,AS_09_RedmiNote13Pro+_TH,,49031053476090,aftershock-xiaomi-redmi-note-13-pro-plus-5g-case,Aftershock - Xiaomi Redmi Note 13 Pro+ 5G Case,,
special_chars,AS_09_RedmiNote14Pro+_TH,,49031055147258,aftershock-xiaomi-redmi-note-14-pro-plus-5g-case,Aftershock - Xiaomi Redmi Note 14 Pro+ 5G Case,,
special_chars,MG7J4LL/A,,49031062651130,beats-solo-4-bluetooth-wireless-on-ear-headphones-in-matte-gray,Beats Solo 4 Bluetooth Wireless On-Ear Headphones ,,
special_chars,MRJ82LL/A,,49031062814970,beats-solo-pro-wireless-noise-cancelling-on-ear-headphones,Beats Solo Pro Wireless Noise Cancelling On-Ear He,,
special_chars,MRJ72LL/A,,49031062683898,beats-solo-pro-wireless-noise-cancelling-on-ear-headphones-1,Beats Solo Pro Wireless Noise Cancelling On-Ear He,,
special_chars,BB-2000R WHITE,,49031065010426,bio-bidet-bliss-bb-2000-premier-class-bidet-seat-round-white,Bio Bidet Bliss BB-2000 Premier Class Bidet Seat- ,,
special_chars,White Champ Set,,49031085097210,champagne-gift-set,Champagne Gift Set,,
special_chars,Rose Gold Champ Set,,49031085129978,champagne-gift-set,Champagne Gift Set,,
special_chars,Copper Champ Set,,49031085162746,champagne-gift-set,Champagne Gift Set,,
special_chars,Cycle Boxer,,49031090897146,cycle-boxer,Cycle Boxer,,
special_chars,Foldable 2-MG,,49031101612282,durapatio-foldable-patio-furniture-2-set,Durapatio Foldable patio furniture 2 set,,
special_chars,Foldable 2-DB,,49031101645050,durapatio-foldable-patio-furniture-2-set,Durapatio Foldable patio furniture 2 set,,
special_chars,Foldable 2-WH,,49031101677818,durapatio-foldable-patio-furniture-2-set,Durapatio Foldable patio furniture 2 set,,
special_chars,Foldable 2 -GR,,49031101710586,durapatio-foldable-patio-furniture-2-set,Durapatio Foldable patio furniture 2 set,,
special_chars,Foldable 4-MG,,49031101448442,durapatio-foldable-patio-furniture-4-set,Durapatio Foldable patio furniture 4 set,,
special_chars,Foldable 4-DB,,49031101481210,durapatio-foldable-patio-furniture-4-set,Durapatio Foldable patio furniture 4 set,,
special_chars,Foldable 4-WH,,49031101513978,durapatio-foldable-patio-furniture-4-set,Durapatio Foldable patio furniture 4 set,,
special_chars,Foldable 4-GR,,49031101546746,durapatio-foldable-patio-furniture-4-set,Durapatio Foldable patio furniture 4 set,,
special_chars,Heavyduty 4-MG,,49031101317370,durapatio-heavyduty-patio-furniture-4-set,Durapatio Heavyduty patio furniture 4 set,,
special_chars,Heavyduty 4-DB,,49031101350138,durapatio-heavyduty-patio-furniture-4-set,Durapatio Heavyduty patio furniture 4 set,,
special_chars,Heavyduty 4-WH,,49031101382906,durapatio-heavyduty-patio-furniture-4-set,Durapatio Heavyduty patio furniture 4 set,,
special_chars,Heavyduty 4-GR,,49031101415674,durapatio-heavyduty-patio-furniture-4-set,Durapatio Heavyduty patio furniture 4 set,,
special_chars,Heavyduty 2-MG,,49031101743354,durapatio-heavyduty-patio-furniture-2-set,Durapatio Heavyduty patio furniture 2 set,,
special_chars,Heavyduty 2-DB,,49031101776122,durapatio-heavyduty-patio-furniture-2-set,Durapatio Heavyduty patio furniture 2 set,,
special_chars,Heavyduty 2-WH,,49031101808890,durapatio-heavyduty-patio-furniture-2-set,Durapatio Heavyduty patio furniture 2 set,,
special_chars,Heavyduty 2-GR,,49031101841658,durapatio-heavyduty-patio-furniture-2-set,Durapatio Heavyduty patio furniture 2 set,,
special_chars,Navy Whiskey Glass,,49031109935354,glass-lined-whiskey-low-ball,Glass Lined Whiskey Low Ball,,
special_chars,Black Whiskey Glass,,49031109968122,glass-lined-whiskey-low-ball,Glass Lined Whiskey Low Ball,,
special_chars,Copper Whiskey Glass,,49031110000890,glass-lined-whiskey-low-ball,Glass Lined Whiskey Low Ball,,
special_chars,White Wine Set,,49031110263034,gift-set,Gift Set,,
special_chars,STONE WINE SET,,49031110328570,gift-set,Gift Set,,
special_chars,Navy Wine Set,,49031110361338,gift-set,Gift Set,,
special_chars,Rose Gold Wine Set,,49031110394106,gift-set,Gift Set,,
special_chars,Copper Wine Set,,49031110426874,gift-set,Gift Set,,
special_chars,Sea Glass Wine Set,,49031110459642,gift-set,Gift Set,,
special_chars,Rose Wine Set,,49031110492410,gift-set,Gift Set,,
special_chars,Coral Wine Set,,49031110525178,gift-set,Gift Set,,
special_chars,LC_15_RedmiNote11Pro+_TH,,49031112458490,against-the-odds-xiaomi-redmi-note-11-pro-plus-case,Against the Odds - Xiaomi Redmi Note 11 Pro+ Case,,
special_chars,LC_15_RedmiNote13Pro+_TH,,49031113507066,against-the-odds-xiaomi-redmi-note-13-pro-plus-5g-case,Against the Odds - Xiaomi Redmi Note 13 Pro+ 5G Ca,,
special_chars,LC_15_RedmiNote12Pro+_TH,,49031113212154,against-the-odds-xiaomi-redmi-note-12-pro-plus-5g-case,Against the Odds - Xiaomi Redmi Note 12 Pro+ 5G Ca,,
special_chars,LC_15_RedmiNote14Pro+_TH,,49031114719482,against-the-odds-xiaomi-redmi-note-14-pro-plus-5g-case,Against the Odds - Xiaomi Redmi Note 14 Pro+ 5G Ca,,
special_chars,BACKSTAGE PASS,,49031126515962,lelo-backstage-pass-bundle,Lelo Backstage Pass Bundle,,
special_chars,COUPLE PLAY,,49031128121594,lelo-couple-play-bundle,Lelo Couple Play Bundle,,
special_chars,FRESH'N STEAMY,,49031129956602,lelo-freshn-steamy-bundle,Lelo Fresh'n Steamy Bundle,,
special_chars,HER DELIGHT,,49031130251514,lelo-her-delight-bundle,Lelo Her Delight Bundle,,
special_chars,PARTY IN THE BACK,,49031137100026,lelo-party-in-the-back-bundle,Lelo Party In The Back Bundle,,
special_chars,RIDE SOLO,,49031138672890,lelo-ride-solo-bundle,Lelo Ride Solo Bundle,,
special_chars,SORAYA EXPERIENCE,,49031142408442,lelo-soraya-experince-bundle,Lelo Soraya Experience Bundle,,
special_chars,THE MAGIC TOUCH,,49031143620858,lelo-the-magic-touch-bundle,Lelo The Magic Touch Bundle,,
special_chars,NHB-W110 4PK,,49031159742714,nexxt-home-smart-a19-cct-bulb-4-pk,Nexxt Home Smart A19 CCT Bulb 4 PK,,
special_chars,NHB-W210 4PK,,49031160594682,nexxt-home-smart-br30-cct-bulb-4pk,Nexxt Home Smart BR30 CCT Bulb 4PK,,
special_chars,NHB-W210 2PK,,49031160496378,nexxt-home-smart-br30-cct-bulb-2pk,Nexxt Home Smart BR30 CCT Bulb 2PK,,
special_chars,NHB-W310 3PK,,49031160561914,nexxt-home-smart-gu10-cct-bulb-3pk,Nexxt Home Smart GU10 CCT Bulb 3PK,,
special_chars,Dreamer V2-BK,,49031164756218,osaki-3d-dreamer-v2,Osaki 3D Dreamer V2 Massage Chair,,
special_chars,Dreamer V2-BR,,49031164788986,osaki-3d-dreamer-v2,Osaki 3D Dreamer V2 Massage Chair,,
special_chars,Dreamer V2-TP,,49031164821754,osaki-3d-dreamer-v2,Osaki 3D Dreamer V2 Massage Chair,,
special_chars,Monarch LE-BK,,49031165214970,osaki-ai-monarch-le,Osaki Ai Monarch LE Massage Chair,,
special_chars,Monarch LE-BR,,49031165247738,osaki-ai-monarch-le,Osaki Ai Monarch LE Massage Chair,,
special_chars,Monarch LE-TP,,49031165280506,osaki-ai-monarch-le,Osaki Ai Monarch LE Massage Chair,,
special_chars,Cleaning Kit & Cover,,49031166591226,osaki-massage-chair-cleaner-and-chair-cover-bundle,Osaki Massage Chair Cleaner & Chair Cover Bundle,,
special_chars,Chair cover,,49031166623994,osaki-massage-chair-cover,Osaki Massage Chair Cover,,
special_chars,Master 4D-BK,,49031166722298,osaki-op-4d-master-massage-chair,Osaki OP-4D Master Massage Chair,,
special_chars,Master 4D-BR,,49031166755066,osaki-op-4d-master-massage-chair,Osaki OP-4D Master Massage Chair,,
special_chars,Master 4D-TP,,49031166787834,osaki-op-4d-master-massage-chair,Osaki OP-4D Master Massage Chair,,
special_chars,Champ II-BK,,49031167639802,osaki-os-3d-champ-ii,Osaki OS-3D Champ II Massage Chair,,
special_chars,Champ II-BR,,49031167672570,osaki-os-3d-champ-ii,Osaki OS-3D Champ II Massage Chair,,
special_chars,Champ II-TP,,49031167705338,osaki-os-3d-champ-ii,Osaki OS-3D Champ II Massage Chair,,
special_chars,Pro 4D Paragon-DB,,49031168426234,osaki-os-pro-4d-paragon,Osaki Os-Pro 4D Paragon Massage Chair,,
special_chars,Pro 4D Paragon-BK,,49031168459002,osaki-os-pro-4d-paragon,Osaki Os-Pro 4D Paragon Massage Chair,,
special_chars,Pro 4D Paragon-BE,,49031168491770,osaki-os-pro-4d-paragon,Osaki Os-Pro 4D Paragon Massage Chair,,
special_chars,4D Emperor-BkG,,49031168524538,osaki-os-pro-4d-emperor,Osaki OS-Pro 4D Emperor Massage Chair,,
special_chars,4D Emperor-BrB,,49031168557306,osaki-os-pro-4d-emperor,Osaki OS-Pro 4D Emperor Massage Chair,,
special_chars,4D Emperor-T&G,,49031168590074,osaki-os-pro-4d-emperor,Osaki OS-Pro 4D Emperor Massage Chair,,
special_chars,Maxim - BK,,49031168819450,osaki-os-maxim-3d-le,Osaki OS-Maxim 3D LE Massage Chair,,
special_chars,Maxim - BR,,49031168852218,osaki-os-maxim-3d-le,Osaki OS-Maxim 3D LE Massage Chair,,
special_chars,Maxim - TP,,49031168884986,osaki-os-maxim-3d-le,Osaki OS-Maxim 3D LE Massage Chair,,
special_chars,Theramedic LT-BK,,49031169769722,osaki-theramedic-4d-lt-massage-chair,Osaki Theramedic 4D LT Massage Chair,,
special_chars,Theramedic LT-BR,,49031169802490,osaki-theramedic-4d-lt-massage-chair,Osaki Theramedic 4D LT Massage Chair,,
special_chars,Theramedic LT-TP,,49031169835258,osaki-theramedic-4d-lt-massage-chair,Osaki Theramedic 4D LT Massage Chair,,
special_chars,Pro 4D Soho II-BK,,49031169868026,osaki-pro-4d-soho-ii,Osaki Pro 4D Soho II Massage Chair,,
special_chars,Pro 4D Soho II-BR,,49031169900794,osaki-pro-4d-soho-ii,Osaki Pro 4D Soho II Massage Chair,,
special_chars,Pro 4D Soho II-TP,,49031169933562,osaki-pro-4d-soho-ii,Osaki Pro 4D Soho II Massage Chair,,
special_chars,EP3241/54,,49031173144826,philips-3200-series-fully-automatic-espresso-machine,Philips 3200 Series Fully Automatic Espresso Machi,,
special_chars,S6800/90,,49031175799034,philips-norelco-shaver-6800-series-with-senseiq-technology,Philips Norelco Shaver 6800 Series With SenseIQ Te,,
special_chars,CM_06_RedmiNote11Pro+_TH,,49031184417018,al-fresco-xiaomi-redmi-note-11-pro-plus-case,Al Fresco - Xiaomi Redmi Note 11 Pro+ Case,,
special_chars,CM_06_RedmiNote12Pro+_TH,,49031184482554,al-fresco-xiaomi-redmi-note-12-pro-plus-5g-case,Al Fresco - Xiaomi Redmi Note 12 Pro+ 5G Case,,
special_chars,CM_06_RedmiNote13Pro+_TH,,49031185826042,al-fresco-xiaomi-redmi-note-13-pro-plus-5g-case,Al Fresco - Xiaomi Redmi Note 13 Pro+ 5G Case,,
special_chars,R2 Package-BK,,49031186350330,r2-coffee-roaster-package,R2 Coffee Roaster Package,,
special_chars,R1 Package-BK,,49031186612474,r1-coffee-roaster-package,R1 Coffee Roaster Package,,
special_chars,CM_06_RedmiNote14Pro+_TH,,49031186972922,al-fresco-xiaomi-redmi-note-14-pro-plus-5g-case,Al Fresco - Xiaomi Redmi Note 14 Pro+ 5G Case,,
special_chars,Bundle_RP_213/019/021/012/008,,49031187398906,rainpoint-ultimate-wi-fi-garden-water-management-bundle,RainPoint Ultimate Wi-Fi Garden Water Management B,,
special_chars,9606P + AM10027,,49031195033850,relaxation-set-titan-ergo-9606p-am10027-back-pad,Relaxing Office Chair with Kneading Back Massage P,,
special_chars,7ZSLIM3E OOO,,49031211843834,slim-three-bidet-toilet-seat,Slim Three Bidet Toilet Seat,,
special_chars,7ZSLIM3R 000,,49031211876602,slim-three-bidet-toilet-seat,Slim Three Bidet Toilet Seat,,
special_chars,Bundle_RP_115/021,,49031213089018,smart-plant-care-bundle-for-indoor-gardening,Smart Plant Care Bundle for Indoor Gardening,,
special_chars,Axiom LE-BR,,49031239926010,axiom-le,Titan Axiom LE (S50),,
special_chars,Axiom LE-BK,,49031239958778,axiom-le,Titan Axiom LE (S50),,
special_chars,Axiom LE-TP,,49031239991546,axiom-le,Titan Axiom LE (S50),,
special_chars,Cascade 3D-BK,,49031241695482,titan-pro-cascade-3d-massage-chair,Titan Pro Cascade 3D Massage Chair,,
special_chars,Cascade 3D-BR,,49031241728250,titan-pro-cascade-3d-massage-chair,Titan Pro Cascade 3D Massage Chair,,
special_chars,Cascade 3D-TP,,49031241761018,titan-pro-cascade-3d-massage-chair,Titan Pro Cascade 3D Massage Chair,,
special_chars,Endor 4D -BK,,49031241466106,endor-4d,Titan Pro 4D Endor,,
special_chars,Endor 4D - BR,,49031241498874,endor-4d,Titan Pro 4D Endor,,
special_chars,Endor 4D - TP,,49031241531642,endor-4d,Titan Pro 4D Endor,,
special_chars,Vigor 4D-BK,,49031241597178,titan-pro-vigor-4d-massage-chair,Titan Pro Vigor 4D Massage Chair,,
special_chars,Vigor 4D-BR,,49031241629946,titan-pro-vigor-4d-massage-chair,Titan Pro Vigor 4D Massage Chair,,
special_chars,Vigor 4D-TP,,49031241662714,titan-pro-vigor-4d-massage-chair,Titan Pro Vigor 4D Massage Chair,,
special_chars,Bundle_BD_3592/008/367,,49031249821946,ultimate-time-display-bundle-with-alarm-and-shower-clock,Ultimate Time Display Bundle With Alarm and Shower,,
special_chars,OH_09_RedmiNote11Pro+_TH,,49031271710970,alchemist-xiaomi-redmi-note-11-pro-plus-case,Alchemist - Xiaomi Redmi Note 11 Pro+ Case,,
special_chars,Bundle_RP_113-023/026/016/012,,49031272005882,water-management-home-garden-bundle,Water Management Home & Garden Bundle,,
special_chars,OH_09_RedmiNote12Pro+_TH,,49031273480442,alchemist-xiaomi-redmi-note-12-pro-plus-5g-case,Alchemist - Xiaomi Redmi Note 12 Pro+ 5G Case,,
special_chars,OH_09_RedmiNote13Pro+_TH,,49031273414906,alchemist-xiaomi-redmi-note-13-pro-plus-5g-case,Alchemist - Xiaomi Redmi Note 13 Pro+ 5G Case,,
special_chars,White Wine & Champagne Chiller,,49031274430714,wine-chiller,Wine Chiller,,
special_chars,Black Wine & Champagne Chiller,,49031274463482,wine-chiller,Wine Chiller,,
special_chars,Navy Wine & Champagne Chiller,,49031274496250,wine-chiller,Wine Chiller,,
special_chars,Evergreen Wine & Champagne Chiller,,49031274529018,wine-chiller,Wine Chiller,,
special_chars,Cool Blue Wine & Champagne Chiller,,49031274561786,wine-chiller,Wine Chiller,,
special_chars,Graphite Wine & Champagne Chiller,,49031274594554,wine-chiller,Wine Chiller,,
special_chars,Stone Wine & Champagne Chiller,,49031274627322,wine-chiller,Wine Chiller,,
special_chars,Rose Gold Wine & Champagne Chiller,,49031274660090,wine-chiller,Wine Chiller,,
special_chars,Sea Glass Wine & Champagne Chiller,,49031274692858,wine-chiller,Wine Chiller,,
special_chars,Copper Wine & Champagne Chiller,,49031274725626,wine-chiller,Wine Chiller,,
special_chars,OH_09_RedmiNote14Pro+_TH,,49031275544826,alchemist-xiaomi-redmi-note-14-pro-plus-5g-case,Alchemist - Xiaomi Redmi Note 14 Pro+ 5G Case,,
special_chars,AL_04_RedmiNote11Pro+_TH,,49031347110138,alice-xiaomi-redmi-note-11-pro-plus-case,Alice - Xiaomi Redmi Note 11 Pro+ Case,,
special_chars,AL_04_RedmiNote12Pro+_TH,,49031347142906,alice-xiaomi-redmi-note-12-pro-plus-5g-case,Alice - Xiaomi Redmi Note 12 Pro+ 5G Case,,
special_chars,AL_04_RedmiNote14Pro+_TH,,49031347699962,alice-xiaomi-redmi-note-14-pro-plus-5g-case,Alice - Xiaomi Redmi Note 14 Pro+ 5G Case,,
special_chars,AL_04_RedmiNote13Pro+_TH,,49031347568890,alice-xiaomi-redmi-note-13-pro-plus-5g-case,Alice - Xiaomi Redmi Note 13 Pro+ 5G Case,,
special_chars,FA_01_RedmiNote11Pro+_TH,,49031385972986,cute-xiaomi-redmi-note-11-pro-plus-case,Almond Latte - Cute Xiaomi Redmi Note 11 Pro+ Case,,
special_chars,FA_01_RedmiNote12Pro+_TH,,49031386464506,cute-xiaomi-redmi-note-12-pro-plus-5g-case,Almond Latte - Cute Xiaomi Redmi Note 12 Pro+ 5G C,,
special_chars,FA_01_RedmiNote13Pro+_TH,,49031386398970,cute-xiaomi-redmi-note-13-pro-plus-5g-case,Almond Latte - Cute Xiaomi Redmi Note 13 Pro+ 5G C,,
special_chars,FA_01_RedmiNote14Pro+_TH,,49031387087098,cute-xiaomi-redmi-note-14-pro-plus-5g-case,Almond Latte - Cute Xiaomi Redmi Note 14 Pro+ 5G C,,
too_long,battery-power-bank-for-krypton-mvp-pro-default-title-default-title,,49031062782202,battery-power-bank-for-krypton-mvp-pro,,66,
cross_product_dup,CHC364,9257724412154,48995297034490,car-heater-150w-300w-12v-ceramic-car-fan-heater,12V Car Heater Fan - 150W/300W Portable Ceramic Au,,
cross_product_dup,CHC364,9257762521338,48995446423802,set-live-oct-2025-car-heater-150w-300w-12v-ceramic-car-fan-heater-copy,Car Heater 150W 300W 12V Ceramic Car Fan Heater,,
cross_product_dup,CST888,9257767371002,48995480076538,chicken-shredder-tool,Chicken Shredder Tool,,
cross_product_dup,CST888,9257770221818,48995496395002,coffee-scale-with-timer,Coffee Scale With Timer,,
cross_product_dup,Air-C GEL,9269949563130,49031044661498,air-c-care,Air C Care+,,
cross_product_dup,Air-C GEL,9269950251258,49031046136058,air-c-univision,Air C Univision,,
cross_product_dup,SAS0012-09NA,9269979218170,49031123599610,kitta-performance-percussive-sports-therapy-massage-gun,Kitta - Performance Percussive Sports Therapy Mass,,
cross_product_dup,SAS0012-09NA,9269979283706,49031123894522,kitta-performance-percussive-sports-therapy-massage-gun-by-synca-massage-chair,Kitta - Performance Percussive Sports Therapy Mass,,
cross_product_dup,SAS0020-08NA,9269979218170,49031123632378,kitta-performance-percussive-sports-therapy-massage-gun,Kitta - Performance Percussive Sports Therapy Mass,,
cross_product_dup,SAS0020-08NA,9269979283706,49031123927290,kitta-performance-percussive-sports-therapy-massage-gun-by-synca-massage-chair,Kitta - Performance Percussive Sports Therapy Mass,,
cross_product_dup,XPRESS,9270047899898,49031287341306,xpress-knee-massager,Xpress Knee Massager,,
cross_product_dup,XPRESS,9270047965434,49031287603450,xpress-offer,Xpress - Offer,,
